Oxides,Lattice_type,Bulk_Modulus,Density,Heat_capacity,Debye_Temperature,Gruneisen_parameters,Egap,Poisson_ratio,Thermal_expansion,Unitcell_atoms,Speed_of_sound,Thermal_Conductivity
Ag4O2,2,50.0423,6.62411,19.566,56.0669,2.48656,0.0868,0.487902,0.00011511,6,498.802,0.0174529
Cu4O2,2,97.0286,6.01944,18.7031,155.957,2.25972,0.6558,0.466027,7.51E-05,6,1237.21,0.253177
O4Pt2,2,134.219,8.4695,18.4381,136.007,2.31201,0,0.470661,4.91E-05,6,1089.3,0.262206
O2Pd4,2,117.208,8.1206,18.5642,144.925,2.44995,0,0.462663,5.72E-05,6,1187.39,0.287144
Cl16Hg12O4,2,39.5693,5.77917,101.107,181.028,2.37251,1.4766,0.336375,9.62E-05,32,994.214,0.294549
Bi4Cs12O12,2,32.2056,5.17338,88.2131,164.057,2.16724,3.0558,0.340246,9.69E-05,28,1143.55,0.296848
Cs12O12Sb4,2,35.5356,4.59582,87.6459,182.911,2.20131,3.0799,0.341438,9.07E-05,28,1257.23,0.343002
Ag5O6Pb2,4,82.1727,8.32514,40.4582,193.109,2.40299,0,0.404837,7.78E-05,13,1469.84,0.452188
Cs6Ni2O4,9,27.3577,4.68948,38.5288,171.929,2.23058,1.3118,0.32228,0.00012407,12,1563.44,0.488223
Cd4O8Rb8,6,40.105,4.70755,62.911,215.957,2.21737,1.3563,0.334848,0.000107384,20,1864.6,0.492799
Ag4O4Rb4,1,30.841,4.47728,38.6945,197.895,2.35511,1.4461,0.314963,0.000130678,12,1646.41,0.545209
Bi4O12Rb12,2,36.8712,4.72483,87.0688,224.034,2.15065,3.1139,0.28736,9.63E-05,28,1409.36,0.572559
Au4O4Rb4,1,40.5837,6.51611,38.0423,191.987,2.405,1.683,0.309732,0.000102381,12,1431.19,0.672033
Ag4K4O4,1,33.8962,3.86428,38.3059,233.823,2.33473,1.504,0.309263,0.000128648,12,1952.02,0.691056
Au1O1Rb3,2,13.1368,4.38386,16.9922,143.902,2.12885,0.2744,0.241498,0.000212999,5,1609.28,0.700436
O4Pd8Zr16,3,143.953,7.95705,83.3143,229.044,2.03733,0,0.419592,3.28E-05,28,1929.65,0.700895
O1Rb2,3,19.6474,3.81374,10.0735,154.993,2.1903,1.3159,0.345643,0.00019038,3,1569.5,0.70091
Cu8O6,1,116.163,5.85747,42.1279,272.995,2.21611,0.0653,0.419224,6.38E-05,14,2062.37,0.710014
Ba1O3Pb1,2,52.1884,6.39138,16.0339,185.98,2.52383,0,0.386831,0.000108476,5,1691.23,0.724576
Bi4O6,2,100.226,8.83343,30.4162,184.006,2.09853,0,0.41891,5.03E-05,10,1650.26,0.741669
Ag6As2O8,2,90.4714,6.27993,48.5721,259.075,2.28457,0.4311,0.385651,6.87E-05,16,1760.03,0.747144
Br1O1Rb3,2,13.8761,3.37381,16.9955,167.83,2.19783,0.4057,0.245313,0.000212914,5,1894.5,0.773636
Ca8Cl12O2,4,43.4557,2.58258,66.0651,310.904,2.04314,5.2274,0.319894,8.47E-05,22,2712.22,0.931659
Au1K3O1,2,15.8197,3.64094,16.7494,183.242,2.1008,0.6417,0.23931,0.000202359,5,1966.15,0.987767
Cl4O2Pd4,1,69.7168,4.69839,30.4213,253.135,2.36726,1.4743,0.369521,6.70E-05,10,1805.56,1.01977
Ag6O8P2,2,102.523,6.08172,47.6992,294.134,2.17823,0.8715,0.378862,6.07E-05,16,1939.43,1.07225
Cl4Cs4O16,2,53.1016,2.93744,71.0828,348.189,2.20665,5.3337,0.297443,7.66E-05,24,1433.77,1.12733
O8Pd6Tl2,3,128.174,8.39729,47.7456,286.022,2.39948,1.8477,0.372854,5.29E-05,16,2326.72,1.12873
I1K3O1,2,15.8981,2.79143,16.6964,214.127,2.16846,1.0374,0.224335,0.000200555,5,2362.76,1.1755
Cs2Fe2O4,3,67.1859,4.41627,24.1707,235.027,2.01325,1.7527,0.390363,6.00E-05,8,2364.32,1.23136
O6Rb4Tb2,7,49.1524,4.70609,36.4933,238.924,1.92586,0,0.335463,7.45E-05,12,1726.99,1.27197
Br1K3O1,2,16.6486,2.39653,16.5417,235.057,2.13584,0.8846,0.231255,0.000196902,5,2510.72,1.29405
In2Na10O8,6,55.2628,3.10435,58.9254,381.001,2.05512,1.8407,0.30128,9.40E-05,20,3000.28,1.32893
Hg1O2Rb2,1,33.8622,5.14954,15.9102,207.833,2.33455,2.0066,0.284848,0.00011613,5,1644.52,1.33742
Cs2Cu2O4,7,51.9207,4.22102,24.4256,261.993,2.23128,1.2828,0.329219,7.96E-05,8,1850.41,1.45598
Ag2In2O4,4,103.268,6.88202,24.0486,270.026,2.27581,0.6242,0.380112,5.93E-05,8,2155.67,1.49327
Ag4Mo2O8,3,121.46,5.88821,41.0399,314.974,2.1339,2.7337,0.380903,4.66E-05,14,1837.63,1.5752
Ca2O8Tl4,7,108.913,8.43032,41.7387,307.898,2.36614,0.046,0.33022,6.17E-05,14,2444.14,1.58178
C2K8O8,9,64.9244,2.68394,51.7553,415.74,2.07922,3.0066,0.320248,7.81E-05,18,2512.33,1.59611
Cu6O8Pb1,3,111.957,5.78034,43.8627,353.842,2.27498,0.1957,0.354609,5.92E-05,15,2847.34,1.60526
O12Sr4Tb4,6,95.5051,6.05535,58.6207,314.079,1.95976,0,0.339322,5.06E-05,20,2636.29,1.6612
Cd2O2,4,87.9671,6.28799,12.1468,229.956,2.18795,0,0.399725,6.12E-05,4,1942.64,1.66417
N8Ni4O24,2,132.098,2.8443,94.3997,557.813,2.11036,3.2388,0.357672,4.79E-05,36,2449.15,1.67057
Au2O4Rb2,7,59.6218,5.67883,24.4057,257.057,2.36253,1.7621,0.305435,7.25E-05,8,1620.88,1.67784
Au2In2O4,4,116.286,9.39442,24.0558,260.889,2.34264,0.1328,0.365967,5.48E-05,8,2103.89,1.704
O12Pb4Sr4,6,100.275,7.41335,58.7919,340.156,2.28552,0.7905,0.295356,5.96E-05,20,2842.9,1.72959
O28P8Th4,2,125.712,3.45724,111.756,405.963,1.92163,5.3833,0.368308,3.01E-05,40,3187.9,1.73068
O24Se8Sn4,2,101.58,4.13452,100.346,449.005,2.23936,2.0808,0.291291,5.04E-05,36,2405.74,1.74422
K2O1,3,23.9131,2.29606,9.64542,260.787,2.09138,1.7128,0.301853,0.000166916,3,2560.04,1.76563
Au2O4Y2,4,109.392,7.73964,23.9149,253.07,2.14774,2.8141,0.379842,4.74E-05,8,2113.43,1.79906
Na2O8Pd6,2,146.72,7.09096,46.1321,378.882,2.3303,0,0.35398,5.25E-05,16,2918.17,1.81151
Mn4O14Tl4,3,144.668,8.15424,62.8448,426.959,2.59867,0,0.29611,6.03E-05,22,3291.02,1.85878
O8Pt6,2,201.353,11.9767,41.0076,308.031,2.39896,0,0.375487,3.74E-05,14,2395.9,1.8683
O14Pt4Sb4,3,160.953,9.23088,63.3976,364.067,2.24919,0,0.340411,4.53E-05,22,3205.43,1.88474
Fe2In2O6,4,147.139,5.93802,28.8237,494.532,3.60862,0.9602,0.316767,7.96E-05,10,3706.26,1.88724
Ca2O8Pd6,2,149.455,7.06505,46.0508,377.853,2.32809,0,0.354964,4.94E-05,16,2931.33,1.90335
Na6O5Pb1,1,59.1269,4.13182,35.7219,386.973,2.21677,1.1163,0.267019,0.000105656,12,3119.8,1.94195
Ce4O28P8,2,132.573,2.93938,107.863,486.916,2.0497,2.2386,0.356414,3.22E-05,40,3689.52,1.94692
O2Pb1,3,125.152,10.0444,9.13418,231.107,2.36992,0,0.404296,6.03E-05,3,1806.81,1.96155
O12Se4Sr4,6,93.7696,4.42482,57.3543,383.897,2.06869,3.8366,0.324718,5.37E-05,20,2272.56,1.96625
Cd4O8Sn2,6,133.082,7.18237,40.7167,351.156,2.27363,0.3593,0.350424,5.07E-05,14,2673.32,1.9816
Cl1O4Tl1,3,59.8928,4.27761,18.1523,285.185,2.19948,4.5736,0.33517,7.72E-05,6,1190.19,1.9836
Ba3Co3O6,4,80.9206,5.38592,35.4788,309.033,2.05843,1.6271,0.330743,5.87E-05,12,2621.17,1.99198
Hg4O14Sb4,3,146.373,8.56176,63.0366,397.052,2.51309,0,0.296821,5.04E-05,22,3139.3,2.0121
O2Rb1,1,34.5302,3.15221,9.39026,256.954,2.07516,0,0.324628,0.000123678,3,1767.14,2.06442
Cd4O8,2,108.988,6.14323,34.9502,363.137,2.19089,1.4193,0.337172,6.14E-05,12,2762.86,2.15515
Li8O8Pb2,7,78.9391,4.81814,51.4353,449.828,2.11748,1.4368,0.258968,9.06E-05,18,3079.83,2.23797
Na2O8Pt6,2,184.629,11.7066,46.38,348.998,2.37786,0,0.340288,4.30E-05,16,2649.09,2.23931
Bi4In4O12,6,138.981,8.7703,57.8032,351.041,2.15986,2.494,0.322204,4.38E-05,20,2711.38,2.26327
Cd2O8Rh4,3,169.432,7.1842,40.0484,376.089,2.25027,1.8886,0.36926,4.12E-05,14,2823.76,2.28708
Ag2O4Y2,4,98.156,5.53412,23.6093,295.938,2.05254,2.5359,0.368022,4.92E-05,8,2483.02,2.29628
Cl4Na4O12,2,69.7209,2.36886,54.3642,530.019,2.15438,5.6206,0.273629,7.61E-05,20,2531.72,2.29745
Ca2In4O8,1,120.275,5.42539,40.2066,372.018,2.1217,2.1275,0.351207,4.75E-05,14,2990.08,2.30697
O8Pb2Sr4,6,92.5458,6.52283,41.0225,347.157,2.23818,1.4054,0.290148,5.98E-05,14,2852.22,2.31137
Bi8O12,3,97.7811,8.30837,58.6652,312.101,2.10542,2.5915,0.277644,4.65E-05,20,1429.15,2.31233
Au4La4O12,6,128.066,8.07361,57.7636,354.064,2.22988,1.9733,0.305266,4.36E-05,20,2639.15,2.32446
Mg2O6V2,7,118.691,2.82789,28.0603,423.019,2.06175,0,0.395441,4.62E-05,10,3225.73,2.32607
C1Na4O4,1,69.5098,2.09391,25.4854,439.919,1.98965,2.4562,0.358581,7.42E-05,9,2894.45,2.32809
Ag2Ga2O4,4,129.598,6.99145,23.4502,338.858,2.24994,0.9858,0.367303,5.58E-05,8,2559.01,2.33078
Cd4O12Sn4,6,143.227,7.10473,56.5423,416.995,2.3211,0.4471,0.311856,4.80E-05,20,3296.89,2.37723
Ce1Ga1O3,2,78.6163,4.86582,14.8761,299.928,2.27813,0,0.330943,6.19E-05,5,2352.59,2.37931
O8Pd6Sr2,2,140.034,7.52714,45.8203,394.15,2.35208,0,0.318839,5.08E-05,16,3107.38,2.37955
O4S1Zn1,3,97.8347,2.3215,17.283,350.902,2.00424,4.8011,0.414084,4.21E-05,6,2599.82,2.38717
Br4Na4O12,2,73.0804,3.17918,55.6567,482.232,2.19283,4.4464,0.256318,7.19E-05,20,2454.19,2.39887
Ag4Al4O8,6,120.008,5.24078,45.485,397.045,2.02628,1.4608,0.346237,4.96E-05,16,2800.37,2.40141
Ag1Na1O1,3,51.1524,5.28629,9.39792,276.191,2.25423,0,0.314308,0.00012223,3,2339.79,2.42368
Cd2In4O8,1,127.171,6.73527,40.3943,363.076,2.18534,1.0847,0.337258,4.75E-05,14,2901.46,2.42846
Cd2Mn4O8,1,131.563,5.39908,39.5302,428.959,2.29446,0.6967,0.338539,5.37E-05,14,3043.79,2.43845
La4O10Pd4,9,139.714,7.14268,51.5072,374.94,2.20757,1.8389,0.328869,4.21E-05,18,2871.22,2.44399
Ba3O1Pb1,2,32.1449,6.15221,15.4944,198.96,2.13,0,0.213185,8.27E-05,5,2182.71,2.4635
Ag4O12Sb4,3,127.195,6.5045,56.2914,443.009,2.50439,0.6067,0.273904,5.35E-05,20,3517.84,2.47447
Cr4Hg2O8,3,151.424,7.07091,40.0156,380.012,2.14452,1.2025,0.355552,4.48E-05,14,2893.52,2.5102
Cu2In2O4,4,119.296,6.23075,23.3821,339.965,2.22172,0.4446,0.360151,5.31E-05,8,2700.17,2.52247
Bi4O12Rh4,6,171.947,9.45276,57.0287,379.993,2.2141,0.9063,0.329558,3.98E-05,20,2894.1,2.54021
As2Bi2O8,1,152.734,7.31361,34.5238,362.903,2.21221,2.7352,0.358439,4.33E-05,12,2517.79,2.54877
Ba2O12Te4,7,114.599,5.85455,51.2,402.123,2.22965,1.7384,0.300036,4.92E-05,18,2634.85,2.56174
Dy8O4S8,6,97.0595,6.68816,58.187,316.997,1.94632,2.1691,0.300653,3.98E-05,20,2562.05,2.56402
Bi4O14Sn4,3,142.603,7.99231,62.5766,389.854,2.23093,2.6269,0.302113,4.21E-05,22,3166.63,2.57219
Bi4Mg2O12,9,123.837,7.45935,51.3295,410.832,2.34638,0,0.277856,5.53E-05,18,3177.47,2.57477
Na4Ni2O4,7,87.5919,3.76808,28.4327,443,2.13053,2.3481,0.324531,7.75E-05,10,3081.28,2.61306
Ag2O4Sc2,4,112.849,5.20261,23.273,338.006,2.05732,2.4628,0.371736,4.92E-05,8,2670.05,2.61324
In4La4O12,6,140.096,6.90074,56.7492,389.873,2.12686,2.8177,0.323081,4.05E-05,20,3148.81,2.63292
Cl1Na3O1,2,28.9303,2.17663,15.4267,373.434,2.09368,2.0952,0.225867,0.000160032,5,3579.01,2.63317
Ba4Mn4O12,4,113.571,5.92248,55.663,485.858,2.56814,0.6679,0.239317,6.38E-05,20,3736.76,2.63685
Bi4O14Rh4,3,171.073,8.71659,62.0841,404.959,2.22898,0,0.320155,3.96E-05,22,3117.2,2.65083
Cd4Nb4O14,3,189.458,6.50184,60.9154,435.886,2.08891,1.9621,0.361121,3.44E-05,22,3204.76,2.66189
Ba4O12Ru4,4,139.889,6.59108,56.2886,418.122,2.26664,0,0.307034,4.32E-05,20,2952.43,2.67391
Br2O8Y6,7,108.196,4.79677,45.7808,363.934,1.96517,4.2091,0.340542,4.01E-05,16,3037.46,2.68295
Bi4O14Pt4,3,171.618,10.4695,62.7359,379.919,2.2626,1.0682,0.30718,3.89E-05,22,2992.37,2.68623
O14Pt4Tl4,3,174.635,11.0409,62.4493,400.865,2.39545,0.8794,0.287836,4.28E-05,22,3039.4,2.70535
Au2O4Sc2,4,125.86,7.76088,23.49,310.975,2.14139,2.2382,0.357762,4.68E-05,8,2471.45,2.75783
Na6O9S2,3,87.2151,2.48395,45.2843,550.148,2.11095,3.0301,0.305308,6.39E-05,17,3169.13,2.77532
Ba4Ce4O12,9,114.566,6.07561,57.076,374.065,2.08566,2.8768,0.302445,4.00E-05,20,3202.56,2.79546
As2Hg1O6,4,155.297,6.82062,25.7497,391.014,2.33928,0.7446,0.35738,4.87E-05,9,2611.75,2.8438
Ba3O1Sn1,2,34.2582,5.37215,15.3554,217.971,2.09528,0,0.217617,7.66E-05,5,2386.43,2.87552
Ge3O9Sr3,4,99.9023,4.177,42.2892,417.892,2.10624,2.9506,0.313488,4.90E-05,15,2656.7,2.89562
O12Sn4Sr4,6,122.627,5.9135,55.729,451.164,2.2935,1.4249,0.276517,4.98E-05,20,3709.15,2.90029
Au2Ga2O4,4,145.959,9.97958,23.457,332.88,2.32568,0.2012,0.339851,5.15E-05,8,2539.92,2.9255
Ag2Co2O4,4,153.361,7.25634,23.0311,374.916,2.22975,1.8904,0.364064,5.04E-05,8,2714.4,2.95475
Cs2O12Te4,3,109.219,5.44881,50.3545,454.923,2.49031,0,0.245966,5.32E-05,18,3738.19,2.95947
Cd4O14Sb4,3,151.781,6.79017,60.1907,489.061,2.4621,0.4798,0.272074,4.70E-05,22,3818.83,2.9836
O12Pb4Tc4,3,145.971,8.0905,56.6192,400.134,2.23683,0,0.2942,4.10E-05,20,3153.99,2.98668
Cd2Ga4O8,3,151.688,6.35358,39.2548,426.849,2.14527,1.7656,0.342291,4.58E-05,14,3245.01,3.00631
O8Sn4,6,161.45,6.98984,33.8171,421.858,2.32326,0.181,0.339683,4.65E-05,12,2390.81,3.02075
O2Pd2,9,151.646,7.80173,11.7979,312.908,2.38902,0.178,0.387686,4.89E-05,4,2408.72,3.02912
Dy4O14V4,3,207.71,6.92329,58.1807,547.997,2.72363,0.8117,0.283648,4.04E-05,22,4084.6,3.03527
Ba6O10Si2,1,94.7961,5.52731,51.2997,393.093,2.08864,3.5267,0.267945,4.95E-05,18,2970.58,3.05649
Ca4Mn4O12,4,136.953,4.10294,52.2381,576.016,2.32855,0.8874,0.30091,5.22E-05,20,4074.2,3.07098
Cd4O8Si2,3,154.996,6.1915,39.1009,432.934,2.16722,1.1565,0.341836,4.40E-05,14,3238.14,3.10276
Ca4O8Pb2,6,106.68,5.83151,39.7953,413.107,2.18196,1.4857,0.287493,5.56E-05,14,3271.71,3.10819
O6Pt3Zn1,7,201.563,10.7992,28.7814,357.908,2.29863,0.5419,0.360084,3.93E-05,10,2560.9,3.12374
K4O12Sb4,3,111.152,4.62869,54.1402,522.796,2.5024,1.1259,0.236166,5.53E-05,20,4357.09,3.13029
Cu2O4Y2,4,112.793,4.87204,23.049,357.993,2.05372,2.7617,0.360836,4.55E-05,8,2971.03,3.18158
O8Sn2Zn4,3,144.009,6.36958,39.2536,427.04,2.07626,0.6598,0.33539,4.75E-05,14,3184.65,3.18772
Mn4O12Sr4,4,127.25,5.14059,53.5193,541.703,2.42337,0.7974,0.258141,5.63E-05,20,3968.94,3.19101
La10O3Si8,4,78.6931,5.53578,60.6177,340.911,1.93837,0,0.244807,4.12E-05,21,3249.21,3.21651
Na2O4,6,53.4814,2.19611,17.1688,460.793,2.03472,0,0.301094,0.000104855,6,2853.37,3.22926
Hf4O28V8,2,129.617,3.60511,105.973,515.989,1.9517,2.6438,0.299749,3.02E-05,40,3462.26,3.23817
O12Rh4Tb4,6,190.197,8.66614,55.6892,427.943,2.15589,1.7439,0.327532,3.64E-05,20,3170.5,3.24417
Ba2O2,4,63.0082,5.9412,12.0699,257.035,2.10698,2.3603,0.313733,6.46E-05,4,2395.79,3.25459
Ba2Bi2O6,3,100.847,7.58207,29.2553,337.016,2.26506,0,0.28029,5.21E-05,10,2959.07,3.25923
Fe4O11Sr4,7,125.799,5.17095,51.5294,508.216,2.27327,0,0.276002,5.27E-05,19,3998.11,3.26311
O2Pt2,9,182.58,13.2145,11.8866,268.068,2.3898,0.1971,0.382775,4.04E-05,4,2070.68,3.28977
La4O4Se3,7,89.4966,5.88827,32.1175,312.947,2.03778,1.4444,0.303311,4.15E-05,11,2624,3.2937
Bi4Ir4O14,3,185.714,10.7112,61.9947,401.036,2.20015,0,0.300895,3.56E-05,22,3056.42,3.29991
Ce4O12Sr4,6,122.161,5.55621,55.9793,417.876,2.05806,2.9297,0.298897,3.92E-05,20,3415.98,3.31914
Ge4O24Se8,2,121.719,4.34946,92.6766,589.136,2.21321,2.7302,0.227098,4.59E-05,36,3083.66,3.33296
Mn4O10Sr4,6,115.114,5.07482,49.1569,498.828,2.27568,0.1202,0.264321,5.54E-05,18,3831.46,3.34065
Bi4Ga4O12,6,130.857,7.54535,56.4021,406.865,2.0925,1.9081,0.281466,4.28E-05,20,2639.56,3.34915
Ga2Gd6O12,7,141.697,7.46209,56.3692,399.114,1.99538,3.5087,0.30725,3.83E-05,20,3062.22,3.39673
Co2K2O4,9,87.1187,3.62988,22.7412,418.834,2.08644,1.0851,0.324819,6.25E-05,8,2905.17,3.41067
Ga2O12Tb6,7,149.331,7.77089,56.2311,405.045,2.02501,3.6365,0.307693,3.80E-05,20,3086.91,3.42866
La4O14Sn4,3,141.129,6.30751,60.688,454.023,2.20506,2.0853,0.282543,3.93E-05,22,3767.26,3.44255
Mg6O6,2,88.8306,2.2404,32.4177,502.877,1.88942,2.8856,0.343819,5.23E-05,12,4178.66,3.47269
Dy6Ga2O12,7,151.51,8.01849,56.2082,406.068,2.02025,3.6261,0.305736,3.79E-05,20,3062.16,3.51157
Bi2O2Se1,1,96.5786,9.18333,14.9318,251.067,2.09493,0.4046,0.331572,4.65E-05,5,1958.38,3.51302
Ca4O12Rh4,6,159.993,5.39781,53.1771,529.806,2.22486,0.2367,0.305769,4.28E-05,20,3994.37,3.53915
Ba1Cu3O4,7,96.7633,5.26864,22.9837,431.178,2.57834,0.6706,0.287911,7.01E-05,8,2984.71,3.57166
Cl1K1O4,3,62.9328,2.08571,16.9362,455.044,2.20449,5.1425,0.310923,7.28E-05,6,1913.44,3.59182
Co2O8Rh4,3,187.069,6.77222,38.5155,457.908,2.20839,1.928,0.344338,3.85E-05,14,3318.04,3.59214
Ga2Ho6O12,7,153.666,8.22984,56.1451,407.917,2.01757,3.5973,0.303375,3.78E-05,20,3056.08,3.59613
O8Pd4Y2,1,170.138,7.0988,38.8393,445.854,2.25132,0,0.325319,4.11E-05,14,3207.42,3.61057
Cu3O5Sr2,7,103.109,5.45089,28.3361,434.817,2.27474,0,0.281097,6.25E-05,10,3373.23,3.63613
Gd4O14Zr4,3,171.093,6.88743,60.7452,436.106,1.96407,0.1483,0.328497,3.25E-05,22,3454.95,3.66031
Cl1O4Rb1,3,59.1908,2.61862,17.2828,414.035,2.21047,5.2205,0.286734,7.46E-05,6,1745.97,3.66355
Mn4O14Sb4,3,156.427,5.67964,57.7071,561.883,2.43259,0,0.26177,4.49E-05,22,4300.34,3.67755
La1O3Ti1,2,158.455,6.08968,14.3526,374.046,2.30328,0,0.378685,4.43E-05,5,3047.75,3.68015
La4O12Y4,6,132.302,5.78322,55.5736,429.92,2.02115,4.5627,0.300216,3.67E-05,20,3550.18,3.70853
Bi2O8V2,1,142.569,6.02418,33.9657,386,1.99515,2.7616,0.347627,3.64E-05,12,2733.38,3.72026
O4S1Sr1,3,102.04,3.24891,17.0107,402.943,2.03149,3.9262,0.369511,4.92E-05,6,2284.17,3.73259
Li4O8Rh4,3,171.653,5.94794,42.5278,536.08,2.22206,2.3816,0.316524,4.73E-05,16,3230,3.73499
Er6Ga2O12,7,155.895,8.4373,56.0507,411.057,2.0061,3.5672,0.300327,3.75E-05,20,3062.42,3.74371
Mg2O8Rh4,3,182.78,6.02846,38.0571,482.016,2.20242,2.1913,0.342176,3.87E-05,14,3449.92,3.77398
Na4O12Sb4,3,121.915,4.57789,52.5652,567.262,2.44706,1.4776,0.231539,5.12E-05,20,4399.78,3.77467
O1Pb1Sr3,2,38.4608,5.68641,15.259,254.024,2.10503,0,0.182157,8.08E-05,5,2637.54,3.77771
Cd1O6Pt3,7,192.442,10.8692,28.5854,377.132,2.3447,0.5795,0.332102,3.95E-05,10,2852.45,3.78171
Bi4Cr4O12,6,166.366,8.41289,55.4295,441.124,2.10001,1.5496,0.296333,3.92E-05,20,3346.41,3.78178
Ba1O3Pa1,2,110.168,7.56406,14.7831,254.056,1.82809,0,0.376,3.68E-05,5,2196.42,3.79553
O12Rh4U2,9,204.459,8.03756,49.6866,439.038,2.12026,1.4152,0.338285,3.17E-05,18,3222.26,3.82191
La2O3,4,88.267,4.59725,14.6761,293.963,2.06919,1.6,0.352649,3.97E-05,5,2805.04,3.83825
O28P8Zr4,2,158.117,2.81595,97.7726,647.984,2.01705,4.4684,0.314294,2.72E-05,40,4838.03,3.84663
Co4O14Sb4,3,164.945,5.98438,57.5756,561.802,2.38557,0.9008,0.267117,4.31E-05,22,4126.02,3.85683
O1Pb1Yb3,2,47.2028,10.542,15.3422,224.922,2.0748,0,0.172938,7.88E-05,5,2197.97,3.88396
Bi4O14Ti4,3,168.143,7.23387,60.3948,453.08,2.03077,2.8929,0.307087,3.47E-05,22,3517.43,3.89553
O2Pb2,9,64.6239,8.32366,12.0913,239.04,2.09353,1.6215,0.2789,6.03E-05,4,1235.5,3.91442
As4O12Sr2,4,141.144,4.73947,47.5068,546.954,2.28067,3.2419,0.281675,4.47E-05,18,3772.92,3.96712
O1Sn1Yb3,2,50.7189,9.43152,15.2313,233.047,2.02618,0,0.203059,7.24E-05,5,2397.18,3.976
Gd4O14Sn4,3,152.748,7.23794,60.2585,464.846,2.14732,2.1547,0.271976,3.81E-05,22,3733.35,4.03794
Ba6O18Ti6,4,144.107,5.5749,79.2685,531.105,2.08153,2.1853,0.256314,3.75E-05,30,4140.8,4.05023
Ca4O12Ru4,6,166.307,5.31536,52.5795,543.934,2.15204,0,0.30482,3.92E-05,20,4130.04,4.07978
O8Rh4Zn2,3,190.67,7.06112,38.1606,476.918,2.21472,2.0292,0.331021,3.84E-05,14,3377.56,4.08247
Dy4Li4O8,6,123.195,6.59218,44.5625,437.913,1.96825,4.5771,0.28225,4.78E-05,16,3367.34,4.09064
Ag2Al2O4,4,146.471,6.06196,22.4643,426.115,2.11131,1.6901,0.346996,4.83E-05,8,3122.21,4.10466
O14Sn4Tb4,3,156.873,7.41013,60.1677,468.076,2.14609,2.2244,0.272806,3.77E-05,22,3739.03,4.11772
O8Th4,6,182.646,9.54116,34.366,344.996,2.0483,3.165,0.347331,2.89E-05,12,2594.19,4.12168
Dy4O14Sn4,3,157.991,7.54439,60.1346,468.02,2.14457,2.2087,0.270836,3.76E-05,22,3722.4,4.15721
In4Mg2O8,3,136.769,5.75203,38.4813,467.106,2.12797,1.9939,0.29984,4.46E-05,14,3559.01,4.1691
Cs2O4Y2,4,84.1012,5.56123,23.2336,348.994,2.08279,2.8353,0.279562,5.20E-05,8,2922.41,4.1819
Ga2O12Y6,7,147.576,5.26527,53.8544,494.018,2.01076,3.7068,0.303763,3.67E-05,20,3742.92,4.24501
Ge2Mg2O6,7,182.446,5.06576,26.6514,525.878,2.13272,2.4289,0.359963,4.46E-05,10,3441.76,4.25803
Ho4O14Sn4,3,158.78,7.65603,60.098,469.877,2.13811,2.1953,0.268858,3.76E-05,22,3719.41,4.25834
Dy4O14Ru4,3,187.734,7.85734,59.5295,483.999,2.13383,0.553,0.295453,3.42E-05,22,3703.12,4.26953
Er4O14Sn4,3,159.914,7.76459,60.1182,468.959,2.13283,2.173,0.269272,3.75E-05,22,3695.24,4.27273
Ga4Ho4O12,6,180.77,8.41444,54.5211,472.899,2.06875,3.7695,0.296736,3.81E-05,20,3478.05,4.28497
Cu2O4Sr2,7,97.3228,5.18432,22.7595,413.792,2.15882,0,0.287517,5.83E-05,8,3206.39,4.29353
Co4O12Se4,6,139.755,5.23267,52.8131,541.148,2.06943,3.1502,0.276703,4.51E-05,20,3272.96,4.29365
O14Pb4Sb4,3,127.236,7.99908,60.6059,467.914,2.27071,0,0.196273,4.62E-05,22,3883.87,4.30099
Li4O12Sb4,6,147.647,5.1859,51.1626,606.038,2.34193,2.1418,0.248087,4.87E-05,20,3842.45,4.32974
Ge1O8Zr3,1,214.648,5.7573,32.5512,472.947,2.04786,3.8792,0.376214,3.11E-05,12,3336.71,4.33192
Er4O14Ru4,3,190.688,8.09935,59.5573,482.938,2.12263,0.555,0.295739,3.41E-05,22,3660.95,4.33276
H4In4O8,2,153.727,6.35968,42.5378,538.785,2.12241,1.7219,0.286439,5.17E-05,16,3795.84,4.3398
Ho4O14Ru4,3,189.487,7.98764,59.465,486.072,2.12943,0.5524,0.293876,3.41E-05,22,3689.22,4.36323
Cd4O12V4,6,181.275,6.29411,52.6891,537.872,2.12647,0.4482,0.301575,3.78E-05,20,3924.88,4.43936
Co1O6Pt3,7,201.604,10.6579,28.2318,403.884,2.30266,0.5743,0.325712,3.83E-05,10,2936.66,4.44125
La2O8P2,1,154.416,4.52769,32.7296,467.07,2.04585,5.3868,0.348994,3.46E-05,12,3157.69,4.44492
Mg1O6Pt3,7,197.113,10.1427,28.1801,408.933,2.28788,0.6517,0.326233,3.88E-05,10,2960,4.45721
Ca4O8Sn2,6,120.41,4.54336,37.6645,513.812,2.16232,2.457,0.277799,4.79E-05,14,3985.83,4.51284
O12Sb4Zn2,9,176.75,6.46102,47.0107,564.175,2.40618,0.7321,0.268408,4.19E-05,18,4113.59,4.52183
Nb8O24Zn4,6,213.379,5.5622,90.2161,609.891,2.01526,3.6269,0.304381,2.81E-05,36,3771.16,4.53052
Ge2Mn4O8,6,160.312,5.41548,37.0911,536.919,2.14513,0.8331,0.311379,4.45E-05,14,3909.66,4.53693
Cu2Ga2O4,4,148.319,6.10941,22.2384,452.028,2.17319,1.0375,0.332897,4.92E-05,8,3355.77,4.54873
Ce2O8V2,1,139.283,4.54933,33.0955,442.07,1.9751,2.4075,0.341061,3.45E-05,12,3150.62,4.55947
O14Sn4Y4,3,155.791,5.87171,58.401,523.879,2.1438,2.2481,0.272322,3.68E-05,22,4178.82,4.5744
Ca4O12Tc4,6,169.313,5.09335,51.3535,584.842,2.25517,0.7858,0.285356,3.82E-05,20,4438.65,4.57881
O1Sn1Sr3,2,41.3158,4.73595,15.0382,285.887,2.06356,0,0.188473,7.38E-05,5,2972.25,4.58204
Bi1Co1O3,9,130.719,7.58313,14.5349,333.099,2.05474,0.6847,0.351931,4.53E-05,5,1961.88,4.5882
Cr4Mn2O8,3,165.87,4.642,36.8581,539.934,2.06594,2.3446,0.334156,3.93E-05,14,4002.51,4.60207
Ni2O12Sb4,9,180.043,6.3481,46.7844,571.101,2.40259,0.8785,0.270642,4.08E-05,18,4224.3,4.63346
Mg4O8Sn2,3,134.33,4.60609,37.2208,531.04,2.06063,1.5203,0.301591,4.67E-05,14,4031.34,4.63605
Bi4O14Ru4,3,177.832,8.66097,59.7278,479.911,2.17007,0,0.263872,3.55E-05,22,3639.43,4.65744
Ga4Li4O8,6,120.112,4.06256,41.4373,581.879,2.02503,3.3069,0.275551,5.29E-05,16,3744.22,4.67502
Mo2O12Rh4,9,227.281,6.52266,47.1105,543.991,2.22262,0.0544,0.329861,3.11E-05,18,3910.92,4.68684
O24Si12,2,114.446,1.76068,84.266,711.087,1.95684,4.9689,0.283089,2.88E-05,36,4530.97,4.68816
Mn4O14Y4,3,162.857,5.22444,55.2608,626.856,2.32621,0.8556,0.252137,4.22E-05,22,4887.82,4.72584
Ba2O14U4,1,138.36,7.43438,55.886,408.967,1.91951,2.9088,0.277781,3.28E-05,20,2406.93,4.72901
Cu2O4Sc2,4,128.82,4.33637,22.1171,451.148,2.02606,2.6414,0.344831,4.40E-05,8,3521.31,4.74294
O14Ru4Y4,3,185.409,6.01864,57.5,546.998,2.13296,0.5591,0.29575,3.33E-05,22,4203.77,4.75822
As2O8Tb2,1,153.946,6.01518,32.9147,463.031,2.15877,3.6548,0.310807,3.84E-05,12,3298.54,4.84113
Cr2Cu2O4,4,152.151,5.32897,21.9533,472.135,2.13391,1.6367,0.341436,4.55E-05,8,3499.26,4.84194
Mn3Nb6O11,4,193.73,5.88515,52.9475,518.956,2.03629,0.4695,0.32303,3.00E-05,20,3825.73,4.85083
Co2O2,4,122.06,4.9955,11.4625,377.864,1.97713,1.011,0.37313,5.09E-05,4,2906.97,4.85589
O8Pr2V2,1,142.546,4.6491,32.9257,451.98,1.97185,2.7093,0.336063,3.41E-05,12,3228.48,4.8759
Cd1O6Sb2,4,151.986,6.22351,24.8449,461.915,2.34658,1.4565,0.305361,4.34E-05,9,3088.53,4.88431
Al2Au2O4,4,164.525,9.25458,22.6833,400.919,2.17875,0.9622,0.318378,4.48E-05,8,2971.51,4.9083
Na2O1,3,40.4111,2.38016,8.86953,435.964,2.04737,1.9195,0.246272,0.00013755,3,3811.26,4.91614
O3Ru1Sr1,2,135.371,6.12877,14.032,476.775,2.83148,0,0.280701,6.27E-05,5,3865.81,4.93488
C4O12Sr4,6,121.976,3.64297,51.4799,578.81,1.95665,4.4409,0.277879,4.17E-05,20,3115.29,4.93664
Cd4O12Ti4,6,180.303,5.99856,52.1785,551.972,2.08799,2.6187,0.295943,3.57E-05,20,4178.63,4.97296
I1K1O3,2,103.197,4.79478,14.1431,457.167,2.5939,0,0.275584,6.57E-05,5,3860.4,4.97774
Dy4O14Tc4,3,187.031,7.63422,58.8015,505.984,2.11024,1.3957,0.280721,3.29E-05,22,3881.58,5.00051
As2Dy2O8,1,155.687,6.15381,32.8239,468.138,2.15806,3.629,0.305848,3.82E-05,12,3306.64,5.04372
Bi1O2,3,128.75,9.50777,8.87389,301.038,2.23717,0,0.346792,5.05E-05,3,2393.18,5.05798
Br1Li3O1,2,43.5217,3.01647,14.5097,454.188,1.89027,4.2806,0.205538,0.000131379,5,3777.94,5.08135
O8Si2Zn4,1,158.261,4.73351,36.8695,537.145,1.94737,3.3701,0.327952,3.95E-05,14,3661.33,5.11332
O4Te2,9,142.519,5.95761,17.0061,393.969,2.17412,0,0.344181,4.01E-05,6,3178.45,5.12679
N8O4,2,66.0354,1.38626,29.4554,673.123,2.09403,3.331,0.246405,5.95E-05,12,1535.66,5.12946
Ba2C8O8,1,123.483,3.16728,46.7269,557.011,1.8444,2.5632,0.312072,3.64E-05,18,2743.98,5.15933
O8P2Pr2,1,162.138,4.78151,32.3375,488.945,2.01814,4.0572,0.33873,3.36E-05,12,3306.88,5.22204
Hf4La4O14,3,168.003,7.73588,59.8796,465.086,2.0226,4.4648,0.26995,3.07E-05,22,3730.17,5.26227
Ge2Ni4O8,3,175.227,5.86812,36.5333,559.866,2.13317,1.9703,0.30369,4.19E-05,14,4118.07,5.28083
Ga4O12Te2,9,186.699,6.24661,45.7473,606.106,2.32431,0.8257,0.268034,4.01E-05,18,4405.12,5.29373
Al2O4Rb2,3,87.0913,3.596,22.3192,437.139,1.92656,3.3753,0.29825,5.04E-05,8,3778.17,5.31359
Al4Cd2O8,3,168.776,5.03801,36.6475,547.086,1.97896,2.8029,0.324604,3.86E-05,14,4052.86,5.34032
La4O14Zr4,3,160.045,5.78358,58.4752,512.047,2.03644,3.7972,0.276298,3.10E-05,22,4122.33,5.3462
Cu2O3Sr1,7,104.741,5.3465,16.9738,424.165,2.13458,0,0.295005,5.72E-05,6,3207.39,5.34777
Er4O14Tc4,3,189.886,7.86351,58.5289,514.094,2.09886,1.2928,0.273255,3.25E-05,22,3894.06,5.35573
Mg2O12Sb4,9,172.722,5.75937,45.5652,613.893,2.382,1.0418,0.249984,4.07E-05,18,4523.8,5.37528
Gd2O8V2,1,151.183,5.29012,32.8037,459.076,1.96157,2.9412,0.327495,3.40E-05,12,3266.5,5.37694
Al2Li10O8,6,91.8434,2.16608,44.8169,793.099,1.86514,4.7955,0.234411,6.29E-05,20,5356.67,5.39709
Hf4O12Sr4,7,159.68,7.50283,54.2185,477.945,2.0481,3.9614,0.260425,3.41E-05,20,3803.14,5.40067
La3O12P3,4,127.694,3.84544,47.3946,532.135,2.02709,5.2512,0.281289,3.39E-05,18,3790.88,5.40539
O28P8Ti4,2,167.073,2.62021,88.6696,783.095,2.02954,3.0926,0.27987,2.60E-05,40,5459.71,5.41219
O4S4Zr4,2,148.355,4.81625,32.7949,457.086,1.99064,2.4226,0.328682,3.13E-05,12,3551.48,5.46648
Hf4O4S4,2,159.952,8.11561,33.8416,385.996,1.95993,2.8657,0.315622,3.08E-05,12,2942.51,5.46788
Dy2O8V2,1,157.745,5.5842,32.7461,463.08,1.96983,2.9629,0.326667,3.39E-05,12,3273.33,5.50685
Bi1In1O3,2,132.827,8.608,14.4817,348.998,2.17887,0.2241,0.317674,4.54E-05,5,2835.39,5.54031
Mn2O6Y2,4,145.057,4.88724,26.8985,503.884,2.12347,0,0.312393,4.12E-05,10,4044.68,5.55972
La4O14Ti4,3,166.285,5.40576,57.2375,552.056,2.0271,3.2676,0.280282,3.19E-05,22,4397.86,5.5638
Al2K2O4,3,87.1839,2.48498,21.5991,500.164,1.89642,2.9344,0.317047,4.87E-05,8,4306.82,5.56473
Cl2O2Y2,9,100.303,4.49239,17.0344,392.067,2.00395,5.0652,0.318329,4.49E-05,6,2876.92,5.58495
Ca2O6Pt2,7,170.471,7.95575,27.4696,468.161,2.25328,1.6237,0.292502,4.21E-05,10,3280.16,5.58614
O12Sb8,3,98.2339,5.12145,54.1383,494.048,2.13761,3.3387,0.169484,4.25E-05,20,1512.2,5.58758
Li4Mn4O8,1,134.591,4.01866,38.238,711.258,2.24776,1.2158,0.235106,5.54E-05,16,4422.92,5.61154
Cd4O14Ta4,3,186.161,7.93969,58.8812,499.029,2.06734,2.1174,0.269643,3.06E-05,22,3560.89,5.6234
Ga1O3Pr1,2,103.733,5.28417,14.3461,370.09,2.02322,0.6346,0.324064,4.71E-05,5,3156.27,5.63216
Ga2In2O6,4,162.978,6.54426,27.1792,486.162,2.15517,1.5028,0.306703,4.15E-05,10,3778.8,5.6648
Ge2Li4O6,7,109.256,3.34906,30.2479,632.103,2.07511,3.5103,0.2609,5.80E-05,12,3770.78,5.67772
Bi1Er2O2,1,99.2872,9.57097,14.7542,272.952,1.96145,0,0.294714,4.01E-05,5,2075.85,5.75289
Cr2Ho2O8,1,153.683,5.76995,32.5096,483.01,2.05185,0.19,0.305083,3.67E-05,12,3442.6,5.7556
Ga4Mg2O8,3,164.183,5.06641,35.9677,583.895,2.06986,3.291,0.298482,4.11E-05,14,4291.26,5.80634
O6Sn2Sr2,1,123.246,5.92798,27.3271,490.157,2.31156,1.1654,0.242096,4.91E-05,10,4059.7,5.80732
Ca3O12S3,4,112.131,2.4795,43.6306,674.113,2.08715,5.6793,0.259592,4.03E-05,18,4044.67,5.81437
La2O2Te1,1,86.6415,6.21099,14.6406,302.027,2.02509,1.9022,0.293289,4.04E-05,5,2441.86,5.815
Cr2Er2O8,1,155.035,5.88616,32.4867,483.89,2.04561,0.188,0.303846,3.66E-05,12,3440.73,5.86044
Gd4Hf4O14,3,179.098,8.75272,59.6557,472.1,1.98394,3.4526,0.262282,3.04E-05,22,3608.19,5.86906
O2Sn1,3,169.009,7.05277,8.56376,396.082,2.39625,0,0.363508,4.69E-05,3,2978.3,5.86964
Ba1O4S1,3,95.6691,3.84765,16.775,434.966,2.06817,4.5103,0.303997,4.90E-05,6,2488.62,5.87666
Dy4Hf4O14,3,184.48,9.10692,59.6344,473.059,1.988,3.2266,0.263349,3.04E-05,22,3580.41,5.90862
Hf4Ho4O14,3,185.617,9.21326,59.6499,471.953,1.98485,3.1166,0.263298,3.04E-05,22,3548.74,5.91332
O2Zn2,4,158.323,7.16434,11.3208,409.102,1.99961,1.8555,0.363494,5.17E-05,4,2897.1,5.94554
O10Ti6,7,170.243,3.66531,40.3132,603.166,1.96294,1.1285,0.328966,3.12E-05,16,4560.23,5.9605
Co1O3Sr1,2,118.375,5.58305,14.0016,449.896,2.14929,0,0.307579,5.97E-05,5,3669.01,5.97575
Er4Hf4O14,3,186.753,9.33528,59.6327,472.974,1.9824,3.0089,0.262457,3.04E-05,22,3541.46,5.98782
C2Ca2O6,7,128.546,2.58861,25.3634,601.064,1.93522,4.6261,0.33844,4.04E-05,10,3152.93,5.9987
Bi1Dy2O2,1,96.995,9.1897,14.7355,277.981,1.96273,0,0.289566,4.01E-05,5,2128.31,6.01725
Bi1Ho2O2,1,98.0588,9.3798,14.7357,278.066,1.96598,0,0.288669,4.02E-05,5,2109.59,6.01931
Mn1Ni6O8,3,167.219,5.93715,38.6321,581.087,2.0437,1.2282,0.279984,4.25E-05,15,4118.99,6.02782
Ga4O8Zn2,3,171.312,6.118,36.4072,563.798,2.07936,2.8556,0.287558,4.11E-05,14,4104.62,6.06248
H2In2O4,6,149.75,6.11075,21.5261,516.98,2.1279,2.0422,0.299859,5.18E-05,8,3721.04,6.12877
Ca3O1Pb1,2,48.4151,4.90302,14.7825,334.014,2.03197,0,0.168759,7.29E-05,5,3267.18,6.14242
Al2O8P2,4,127.267,1.88752,30.293,596.873,1.89534,5.3305,0.353801,2.87E-05,12,5006.68,6.164
Cr2O8Tb2,1,150.474,5.5207,32.2544,497.909,2.05716,0.1927,0.295242,3.65E-05,12,3553.81,6.18622
O4Sn2,6,157.623,6.32339,16.5493,466.003,2.40753,0.3843,0.309461,4.37E-05,6,3693.84,6.18729
Mg4O12Se4,6,132.507,4.25523,49.4655,646.13,2.03,4.0086,0.231982,4.35E-05,20,3826.79,6.21231
O14V4Y4,3,186.192,5.014,54.6916,625.851,2.03061,0.8073,0.285263,3.13E-05,22,4775.38,6.22808
O8Zn4,2,145.855,5.72001,31.2472,569.997,1.98233,2.753,0.277165,5.09E-05,12,4028.59,6.29213
Ni2O2Zr6,7,148.305,7.1175,28.0656,396.917,1.95239,0,0.308896,3.11E-05,10,3349.21,6.3661
Mn1O3Sr1,2,114.794,5.38267,13.6335,541.336,2.67903,0,0.220518,7.26E-05,5,4494.4,6.37594
Al4O8Pb2,7,119.284,5.2348,37.8013,491.021,1.92899,3.9547,0.255532,4.04E-05,14,2993.83,6.38406
O8V2Y2,1,155.411,4.08029,31.4493,538.137,1.95964,2.9571,0.324975,3.26E-05,12,3819.28,6.43648
Cr4O12Te2,9,193.028,5.52627,44.2923,647.782,2.22796,1.2773,0.267826,3.53E-05,18,4820.05,6.43882
Hf4O14Y4,3,182.207,7.36826,58.1318,521.062,1.98906,3.3362,0.262609,2.98E-05,22,3942.02,6.43897
Gd4O14Ti4,3,178.949,6.3214,56.8863,560.876,1.97634,3.2737,0.268256,3.13E-05,22,4324.49,6.45483
Ba2O4Zr1,1,111.192,5.81724,19.7649,403.063,2.11021,2.9804,0.277707,4.17E-05,7,3397.06,6.45536
Ca2O2,4,81.5229,2.77483,11.1643,445.101,1.99004,3.1113,0.32435,5.53E-05,4,3841.69,6.46607
Ca4N8O24,2,112.98,2.35409,73.3733,894.648,2.0932,3.6739,0.154564,3.93E-05,36,2406.53,6.49476
Bi1O2Y2,1,94.0575,6.71986,14.5639,316.017,1.96785,0,0.292299,4.05E-05,5,2435.72,6.52619
Cr4Mg2O8,3,169.972,4.18264,34.7063,636.132,2.04676,2.7649,0.305025,3.72E-05,14,4623.25,6.52937
Gd2O8P2,1,172.486,5.48174,31.8107,519.102,2.0151,5.5739,0.314872,3.32E-05,12,3444.47,6.54379
C1Li4O4,1,98.3277,1.87179,21.1591,728.386,1.87805,4.6927,0.307004,5.88E-05,9,4477.3,6.5548
Ce2O8Si2,1,180.507,4.91079,31.4108,540.919,2.05868,2.0285,0.324046,3.12E-05,12,3940.8,6.57371
O14Y4Zr4,3,173.61,5.25984,56.0792,583.924,2.00198,2.7011,0.271695,2.96E-05,22,4444.84,6.58133
Dy4O14Ti4,3,185.215,6.62585,56.7848,563.873,1.98306,3.2411,0.267179,3.11E-05,22,4309.14,6.58296
Cr4O8Zn2,1,177.21,5.20196,35.4803,601.935,2.05491,2.6349,0.296564,3.76E-05,14,4368.69,6.60566
Er4O14Ti4,3,187.747,6.84679,56.8509,560.982,1.97424,3.1172,0.266916,3.10E-05,22,4257.69,6.62512
O14Tb4Ti4,3,184.267,6.48621,56.6322,567.945,1.98553,3.3021,0.266086,3.09E-05,22,4354.63,6.63451
Ba1O2,1,72.9023,5.41233,8.80885,352.112,2.15098,2.2186,0.265379,6.81E-05,3,2896.65,6.66459
Ce2O4,9,147.409,5.81356,16.8666,398.992,2.05283,2.4966,0.339159,3.28E-05,6,3244.26,6.72636
O2Ti6,4,147.315,4.49022,21.813,463.026,1.92157,0,0.342659,3.30E-05,8,3593.98,6.73611
O2Se2Th2,9,124.878,8.68675,17.3987,314.984,2.06155,0.9607,0.297089,3.16E-05,6,2758.42,6.7443
Na4O8W2,3,126.459,4.93288,36.9508,536.064,2.01072,4.9017,0.249075,4.05E-05,14,2768.96,6.76355
Co2O12Sb4,9,172.322,6.28068,46.2611,575.084,2.03875,0.7899,0.272532,3.55E-05,18,4158.96,6.78386
Ca4O12Si4,6,202.806,4.10442,45.4534,756.838,2.07278,3.6913,0.294614,3.35E-05,20,5456.3,6.79762
O2Tb2Te1,1,103.003,8.07459,14.5798,311.045,1.98815,1.1749,0.287044,3.93E-05,5,2438.64,6.81717
Mg3Nb6O11,4,199.139,5.50567,50.3981,601.929,2.01958,0.489,0.291573,2.87E-05,20,4386.6,6.82779
O4Rb2Sc2,4,98.6594,4.37391,21.855,483.834,2.05728,3.7087,0.252599,5.03E-05,8,3854.89,6.85733
O4,4,99.5079,2.24406,10.3688,593.895,2.11692,0,0.331928,6.28E-05,4,1988.32,6.85764
Cd1O1,3,119.44,7.88122,5.87818,334.049,2.27237,0,0.335391,5.67E-05,2,2671.63,6.92665
O12Ta4V2,9,223.783,7.76615,47.1514,535.113,2.04829,0.8081,0.295432,2.72E-05,18,3701.62,6.97398
Ca4O12Zr4,6,159.859,4.47117,49.7754,624.899,2.02325,3.8224,0.261995,3.22E-05,20,4774.75,6.98271
La3O7Ta1,7,148.528,6.66341,30.3029,442.959,2.03587,3.6497,0.282821,3.22E-05,11,3556.46,6.99383
Ba1O3Pu1,2,114.665,8.30831,14.4916,331.063,1.99449,0,0.296076,4.04E-05,5,2871.9,7.02168
Ba1O3Pr1,2,109.112,6.0309,14.2926,371.967,2.07806,0,0.296061,4.15E-05,5,3299.02,7.03495
Mn2O3Ta1,4,146.946,8.09908,16.8585,417.962,2.01291,0,0.309062,4.56E-05,6,3129.3,7.0869
Ba1O1,3,64.585,5.75725,5.97004,287.913,2.14322,2.0888,0.275697,6.10E-05,2,2756.73,7.09175
Co1O1,3,121.364,4.99028,5.74917,374.876,2.03108,0.873,0.374366,5.28E-05,2,2898.06,7.10625
O1Ta4,9,205.203,15.2225,14.5963,275,1.9503,0,0.356203,2.36E-05,5,2269.9,7.12301
O8P2Tb2,1,179.037,5.67261,31.4713,538.082,2.03167,5.8763,0.30563,3.28E-05,12,3579.46,7.14384
Dy2O8P2,1,181.033,5.82753,31.5317,535.097,2.02239,5.9062,0.306941,3.28E-05,12,3564.59,7.16596
Ba1O3Tb1,2,83.5963,6.46587,14.5037,337.042,1.83816,0,0.271682,4.94E-05,5,2942.74,7.16706
Ba1Fe1O3,2,112.258,6.1263,13.9459,466.137,2.32479,0,0.246336,5.99E-05,5,3804.78,7.22743
Ni2O12Ta4,9,228.417,8.11914,47.0091,540.12,2.03831,2.8841,0.290689,2.71E-05,18,3674.85,7.28957
In2Li2O4,1,129.443,5.69821,21.3016,539.241,2.153,2.0245,0.252864,5.36E-05,8,3452.57,7.31391
Ge1O3Pb1,2,145.267,9.19954,14.0576,446.123,2.45766,0,0.250165,5.47E-05,5,3510.19,7.38513
As2O8Sc2,1,166.403,4.14902,29.8189,632.186,2.1371,3.5213,0.290516,3.54E-05,12,4401.75,7.49817
K2O12Os4,3,153.707,6.36668,47.2682,536.122,2.06282,0,0.226849,3.22E-05,18,3735.89,7.51321
Ba1Ce1O3,2,111.041,5.91108,14.2445,377.009,2.05685,2.9598,0.29591,3.96E-05,5,3326.04,7.51346
O14Ti4Y4,3,182.568,4.76875,53.5216,657.042,1.98672,3.2858,0.267236,2.96E-05,22,5030.98,7.51764
Ca1Mn1O3,2,125.998,4.30202,12.7562,644.521,2.73997,0,0.227724,6.76E-05,5,5193.53,7.54051
Mo2Na4O8,3,117.071,3.4773,34.8277,635.818,2.04279,4.28,0.232015,4.19E-05,14,3403.18,7.64514
Nb4O14Sn4,3,166.324,5.72543,55.453,603.108,2.08069,1.0459,0.22237,3.04E-05,22,4519.59,7.65654
Ba1O3Sn1,2,115.805,6.61382,14.0148,450.086,2.45161,0,0.2326,5.33E-05,5,3869.47,7.688
O2Zr6,4,135.151,6.60304,22.6077,375.026,1.82978,0,0.313311,2.89E-05,8,3198.57,7.73648
Er2O8P2,1,184.982,6.07438,31.3241,545.91,2.01658,5.9473,0.298472,3.25E-05,12,3616.63,7.75023
Mn2Na2O4,6,113.56,4.00704,20.1301,642.888,2.29858,1.0842,0.219164,6.03E-05,8,4284.01,7.76154
Al4Gd4O12,6,190.221,7.22382,50.6796,595.98,1.96091,4.9566,0.247669,3.34E-05,20,4272.38,7.79564
Ca3O1Sn1,2,51.5487,3.69661,14.3716,393.863,1.98994,0,0.173996,6.61E-05,5,3843.1,7.7961
Hf4O8,6,266.205,11.6031,32.4473,475.013,2.00358,3.385,0.318877,2.78E-05,12,3103.66,7.82442
O12Si6,4,107.923,1.54727,42.3908,699.912,1.89893,5.4901,0.286619,2.63E-05,18,5664.57,7.91396
As8O12,3,84.8991,3.38715,50.7266,604.907,2.02312,4.0171,0.123166,4.23E-05,20,1354.02,7.92942
La2O2S1,4,100.579,5.53298,14.2745,370.097,2.03472,2.9693,0.282314,3.86E-05,5,3271.63,7.93424
O28P8Si4,2,204.996,2.90263,77.3967,943.892,2.0385,5.4705,0.249554,2.25E-05,40,5821.01,8.01906
Fe1O3Sr1,2,122.523,5.32906,13.4222,540.973,2.41268,0,0.24144,5.99E-05,5,4254.58,8.0483
Al4Li4O8,9,128.029,2.52948,35.5852,788.066,1.89066,4.5894,0.26283,4.09E-05,16,4970.48,8.098
Nb5O9Sr2,9,188.713,6.10834,41.0996,569.861,2.04825,0,0.270122,2.86E-05,16,4400.99,8.16702
Cr4O12W2,9,227.346,6.48988,44.4131,635.061,2.08488,1.1356,0.278465,2.83E-05,18,4415.16,8.187
Ni4O8Si2,3,199.234,5.20179,33.7467,676.136,2.04512,2.9464,0.287712,3.50E-05,14,4788.67,8.1978
Ba1O3Th1,2,95.5368,6.4528,14.493,311.004,1.7397,2.9236,0.304672,3.39E-05,5,2880.17,8.21256
Ca4O14Ta4,3,179.833,6.24837,55.4063,603.043,2.01917,2.4623,0.229612,2.89E-05,22,4334.64,8.30922
Cr4O8,2,188.924,4.95407,28.3709,710.98,2.2088,0,0.266121,3.99E-05,12,5195.09,8.31568
O8Zr4,6,200.688,5.2618,30.8888,564.06,2.00623,4.0951,0.31677,2.71E-05,12,3817.26,8.33108
Al8C2O8,7,143.79,2.67094,41.13,745.098,1.87543,3.816,0.277917,3.18E-05,18,5501.9,8.40465
Ca4O12Ti4,6,169.034,3.86998,46.063,737.007,2.01302,2.8956,0.250907,3.19E-05,20,5602.2,8.4113
Cr2K2O4,4,116.806,4.04124,20.4956,602.152,2.16131,2.7688,0.23914,5.09E-05,8,4534.28,8.42349
Ge2Mg4O8,3,156.657,4.22161,32.9208,717.119,2.08234,3.0137,0.243537,4.06E-05,14,5274.47,8.56027
Ge4O8,6,212.226,6.05249,28.7093,694.254,2.33725,1.4607,0.260029,3.73E-05,12,4973.72,8.57184
Al2Cu2O4,4,165.81,4.98403,20.455,590.863,2.0182,2.015,0.303962,4.13E-05,8,4275.13,8.57476
La1Ni1O2,9,131.839,6.93722,11.2763,412.014,2.11225,0,0.298672,4.48E-05,4,3331.05,8.62143
Ca3Ge1O1,2,54.2409,3.26348,14.077,444.061,2.02049,0,0.169929,6.69E-05,5,4270.34,8.64534
O3Sn1Sr1,2,123.381,5.83693,13.7134,485.145,2.34861,0.3313,0.250559,4.94E-05,5,4081.44,8.68576
Nb8O10,9,235.158,6.85676,45.4622,593.973,2.02358,0,0.287429,2.44E-05,18,4454.53,8.71805
O8P2Y2,1,177.315,4.12799,29.6193,636.977,2.01433,5.7982,0.300509,3.10E-05,12,4225.6,8.73884
Al4O12Y4,6,192.898,5.19488,47.2784,699.102,1.96509,5.5421,0.254463,3.12E-05,20,5086.4,8.78906
Bi1O3Sc1,2,135.508,7.20987,14.0081,419.021,2.04696,0.6582,0.289305,4.16E-05,5,3419.62,8.83105
Ca4Nb4O14,3,171.41,4.29127,51.7565,705,2.03167,1.7677,0.23249,2.85E-05,22,5091.05,8.92748
Mg2O12Ta4,9,221.576,7.50559,45.6922,588.129,2.02399,3.0629,0.264503,2.68E-05,18,3954.87,8.94536
Gd2O2Se1,4,108.116,7.67193,14.3595,352.033,1.95327,1.9866,0.265704,3.87E-05,5,3011.31,8.95983
Ir2O4,9,258.026,11.3483,16.4768,451.093,2.25938,0,0.325429,3.02E-05,6,3304.5,8.97785
Al8O20Si4,6,185.652,3.05912,64.4979,898.82,1.92413,4.8388,0.24368,2.57E-05,32,5911.45,8.99218
O4S2Sc4,4,135.545,3.57596,25.4568,588.944,1.92838,2.4796,0.287654,3.45E-05,10,4716.89,9.06028
Al4Co2O8,3,185.33,4.28096,32.8338,712.059,1.92815,3.9638,0.287198,3.38E-05,14,5124.17,9.26437
Ca1O3Sn1,2,129.015,4.8952,13.4032,520.868,2.27409,0.6888,0.270728,4.60E-05,5,4306.76,9.29177
O12Os4Rb2,3,151.303,6.87568,47.6494,513.9,1.83703,0,0.229736,2.92E-05,18,3638.5,9.32515
Li2O8V4,3,173.557,3.91664,32.1628,743.263,2.03392,0,0.265961,3.49E-05,14,4760.23,9.36476
La1Mn1O3,2,158.135,6.45258,13.5245,496.996,2.22567,0,0.285947,4.17E-05,5,3909.14,9.48942
O8Sb2V2,1,184.571,5.69746,29.5337,647.19,2.19186,0.2038,0.245302,3.46E-05,12,4675.34,9.59146
Cr2O4,9,187.317,4.65182,14.3792,701.352,2.52754,0,0.2774,4.38E-05,6,5154.96,9.66821
Mg4O8,2,129.836,3.18346,26.8705,783.681,1.9666,3.7333,0.230716,4.65E-05,12,5628.97,9.78385
O3Pb1Zr1,2,149.057,7.71287,13.9779,416.941,2.08209,2.2831,0.28833,3.59E-05,5,3452.06,9.84373
O8Ru4,2,263.141,7.4995,29.287,654.835,2.26257,0,0.280001,2.91E-05,12,4699.48,9.89981
Fe1O1,3,171.444,5.91316,5.54863,450.864,2.13521,0,0.366897,4.67E-05,2,3279.66,9.91425
Mg6Mn1O8,3,142.438,3.58296,32.8671,810.063,2.06076,2.2626,0.202998,4.20E-05,15,5801.45,9.91502
O2Sr1,1,84.307,4.57458,8.42335,448.116,2.07256,2.8184,0.251149,6.48E-05,3,3422.44,9.91837
Al2O6Y2,4,165.987,4.50072,25.068,613.087,1.95989,3.5012,0.288037,3.33E-05,10,4707.14,9.92536
Li4O10Si4,7,139.91,2.35638,37.1231,876.304,1.94264,5.1672,0.239721,3.29E-05,18,4987.23,10.0766
Hf2O6Sr2,1,159.92,7.5111,26.7381,504.09,2.0447,4.0765,0.237444,3.36E-05,10,3954.2,10.0884
Bi1Ga1O3,2,165.596,9.24355,13.8439,446.933,2.12474,1.2959,0.27739,4.12E-05,5,3474.21,10.1276
O3Rb1U1,2,126.845,7.22327,14.1076,391.977,1.98516,2.9093,0.276989,3.55E-05,5,3386.84,10.1735
O6Sr2Zr2,1,149.644,5.24499,25.8846,563.091,2.05282,3.58,0.247789,3.37E-05,10,4465.8,10.1876
O4Os2,9,270.018,11.1687,16.336,464.095,2.20818,0,0.325263,2.77E-05,6,3425.1,10.2115
Mg4O8Si2,4,153.173,3.09028,30.8982,794.176,1.9489,4.5912,0.255885,3.51E-05,14,5061.55,10.325
K1O3U1,2,127.492,6.44557,14.0034,408.067,1.94634,3.0113,0.287516,3.50E-05,5,3508.15,10.4189
Ba1Nb7O9,9,208.417,6.85988,42.7573,600.967,2.03148,0,0.244643,2.52E-05,17,4640.78,10.4578
Mg2O2,4,110.111,2.74163,10.2924,585.874,1.90189,3.3614,0.317945,4.94E-05,4,4515.88,10.5539
Gd1O1,3,97.0255,7.35262,5.86216,294.045,1.89963,0,0.314818,4.04E-05,2,2670.09,10.6193
Hf1O3Pb1,2,160.132,10.0371,14.0847,397.035,2.06793,2.4164,0.275017,3.48E-05,5,3230.26,10.6517
Hf2O8Si2,1,227.385,6.81658,30.1628,603.116,1.9727,5.2995,0.288187,2.71E-05,12,4346.04,10.9772
Fe1O2Sr1,9,100.648,5.04615,11.0413,461.079,1.95694,0,0.257344,5.08E-05,4,3717.47,11.087
Li2O8Ti4,3,164.773,3.50435,31.4972,767.05,1.94712,0,0.254231,3.19E-05,14,5012.94,11.2029
Al4Mg2O8,3,180.56,3.46739,30.4768,809.086,1.90248,5.1166,0.273144,3.19E-05,14,5830.03,11.24
Nb1O3Sr1,2,165.949,5.612,13.3591,505.937,2.0631,0,0.305805,3.36E-05,5,4050.54,11.4654
O8Si2Zr2,1,239.681,4.98541,27.9819,714.941,2.01348,4.0416,0.301433,2.62E-05,12,4935.83,11.5675
O8Ti4,6,217.216,4.09225,27.5026,739.079,1.9943,2.8179,0.300036,2.65E-05,12,5357.55,11.6067
O1Zn1,3,127.424,5.93636,5.62522,420.86,1.9467,1.6841,0.333697,5.15E-05,2,3196.21,11.632
O4Rh2,9,216.937,6.8307,15.3765,582.06,2.25783,0,0.292882,3.33E-05,6,4331.18,11.6446
Al4O8Zn2,3,188.451,4.57291,31.7367,757.013,1.91026,4.4888,0.2558,3.27E-05,14,5349.62,11.6634
O4Ru2,6,240.037,6.80223,15.3475,581.027,2.22537,0,0.313798,2.99E-05,6,4308.97,11.7534
Cr2O8V2,7,169.826,3.78281,27.7622,728.78,2.01844,1.8322,0.255485,3.05E-05,12,4185.73,11.8175
C2Li4O6,4,144.84,2.42385,22.9782,963.896,1.93219,3.7533,0.243441,4.04E-05,12,4797.52,11.8313
Ba1Nb1O3,2,161.018,6.51022,13.5006,487.92,2.12842,0,0.279955,3.44E-05,5,3985.73,11.8894
Mo2O4,9,218.111,5.90464,15.4018,572.888,2.14816,0,0.315031,2.89E-05,6,4369.97,12.0956
O6Sr2Ti2,1,159.72,4.88243,24.5487,648.108,2.03896,2.3866,0.235032,3.41E-05,10,5114.42,12.185
O1U1,3,113.812,12.5121,5.90503,269.044,1.83502,0,0.306193,4.01E-05,2,2218.55,12.2363
Ag1Nb1O3,2,182.054,6.45335,13.2952,515.887,2.12024,1.7706,0.297461,3.31E-05,5,4067.53,12.2468
O8Re4,6,297.017,11.1626,30.6759,575.033,2.17979,0,0.265361,2.38E-05,12,4026.43,12.2838
O3Pb1Ti1,2,162.783,7.86753,13.6093,473.931,2.05993,2.181,0.269944,3.68E-05,5,3739.22,12.3097
Ba1Nb4O6,9,196.584,6.77116,28.0621,579.942,2.04514,0,0.248395,2.69E-05,11,4445.91,12.4976
Bi4Fe4O12,6,182.957,8.31948,53.0247,491.004,1.42213,1.341,0.313542,2.06E-05,20,3143.67,12.5194
O8P2Sc2,1,193.581,3.50882,26.3414,797.078,2.00226,4.8968,0.275425,2.79E-05,12,5161.67,12.7395
K1Nb1O3,7,163.052,4.47347,12.8422,576.892,2.1048,2.047,0.296983,3.39E-05,5,3837.58,12.7733
Al4O10Si2,7,216.093,3.54175,32.6124,886.232,1.9362,5.4565,0.271903,2.61E-05,16,6265.43,12.8372
Mg4O12Si4,6,222.634,3.97073,37.3204,986.825,2.04722,5.4138,0.221479,2.75E-05,20,6883.13,12.9046
Li3O4U1,1,138.175,6.11875,20.5229,584.937,1.88842,3.0831,0.218877,4.36E-05,8,3590.01,12.9415
O3Sn1Ti1,2,163.746,5.64874,13.1249,541.049,2.05623,1.7288,0.285751,3.57E-05,5,4325.93,12.9608
O4Ti2,1,192.444,3.63372,14.668,647.977,1.98136,2.5528,0.331091,2.83E-05,6,4640.64,13.0947
C2O4,9,98.8897,1.47602,14.1036,707.019,1.77028,6.464,0.30703,3.44E-05,6,1366.42,13.3189
O1Sr1,3,80.097,4.88035,5.6872,413.131,2.12578,3.2755,0.232998,5.83E-05,2,3680.11,13.3637
O9W3,4,199.588,6.19541,30.1848,600.095,2.1088,0.7586,0.23539,2.34E-05,12,4649.6,13.4881
O4Re2,9,274.144,10.7534,15.8855,516.875,2.23451,0,0.294033,2.63E-05,6,3866.47,13.6076
O4Si2,3,141.055,1.92307,14.4819,662.904,1.8583,5.3686,0.338724,2.51E-05,6,5737.83,13.6454
Na1O3W1,2,196.903,6.97981,13.1599,531.866,2.10753,0,0.292242,3.17E-05,5,4144.71,13.6807
Al8O12,6,225.147,3.95526,38.3429,956.022,1.92314,5.3126,0.238396,2.58E-05,20,6661.64,13.7281
Mn1O1,3,138.794,5.11069,5.42456,499.764,2.15035,0.1755,0.310366,4.95E-05,2,3841.43,13.7516
Ce1O2,3,178.377,6.89265,8.23808,449.91,2.09258,2.4184,0.321559,3.19E-05,3,3653.1,13.8996
Fe1La1O3,2,162.396,6.40838,13.1908,534.101,2.06633,0.5431,0.267289,3.67E-05,5,4165.05,13.9237
Ba1O3Zr1,2,142.409,5.95313,13.3638,508.052,2.10688,3.0367,0.24418,3.50E-05,5,4284.51,14.012
O4Ta2,9,244.013,9.65966,16.057,491.903,2.05036,0,0.300281,2.53E-05,6,3776.45,14.1696
Ca2O6Ti2,1,167.779,3.84548,22.7278,754.127,2.00344,2.7874,0.239333,3.14E-05,10,5720.6,14.4852
Eu1O3Ti1,2,161.556,6.58174,13.1626,536.048,2.03525,0.7493,0.256541,3.61E-05,5,4406.48,14.8487
O3Sr1Zr1,2,146.019,5.09365,13.0669,547.115,2.05797,3.2164,0.257406,3.40E-05,5,4550.11,14.8962
O2Th1,3,167.763,8.86728,8.47007,380.059,1.99901,4.5404,0.307392,2.81E-05,3,3214.84,15.0171
Hf1O3Sr1,2,157.079,7.34344,13.4563,492.136,2.03861,3.7303,0.24633,3.36E-05,5,4032.03,15.1081
Mg2O6Si2,7,219.561,3.97015,20.478,883.298,2.01408,4.6369,0.268522,3.02E-05,10,5749.19,15.2027
Ca1O3Zr1,2,149.232,4.12971,12.7014,592.162,2.0278,3.2142,0.274925,3.26E-05,5,4876.68,15.2909
O6W2,9,212.967,6.67335,20.4198,577.104,2.10517,0.7391,0.261764,2.40E-05,8,4104.21,15.3918
Nb2O4,9,231.909,5.72086,15.0241,608.003,2.04394,0,0.309197,2.49E-05,6,4678.01,15.7693
C4O8,2,95.4681,1.42749,24.9134,864.773,1.7556,6.61,0.216386,3.02E-05,12,1541.44,15.8106
Al1Bi1O3,2,181.036,8.63886,13.1995,531.002,2.02741,1.5288,0.245881,3.69E-05,5,4012.06,15.9342
Cr2O8P2,7,191.553,3.75947,24.7097,875.949,2.09134,1.7989,0.217925,2.81E-05,12,5033.5,16.0695
Ba1O3Ti1,2,152.929,5.78831,12.846,578.888,2.1084,2.1335,0.227498,3.61E-05,5,4701.48,16.6821
Ca1O2,1,94.1889,3.1698,7.57765,625.799,2.0111,2.7622,0.225225,5.75E-05,3,4145.29,16.6962
Ca2O6Si2,9,203,4.10812,20.5183,882.199,2.08098,3.5468,0.228838,3.02E-05,10,6447.63,16.9549
Cr1La1O3,2,171.651,6.48151,12.8655,573.939,2.06128,1.7885,0.246035,3.44E-05,5,4515.79,16.9784
O1Yb1,3,97.0198,10.756,5.78979,363.136,2.00736,1.0945,0.180099,5.73E-05,2,2846.32,17.4662
B2O8Ta2,1,285.595,7.71043,27.5858,731.956,1.97342,3.6319,0.254041,2.36E-05,12,4930.12,17.4699
Na1O3Ta1,2,184.269,6.55803,12.8689,569.057,2.05745,2.5032,0.257092,3.08E-05,5,4499.54,17.7321
Li2Nb2O4,4,202.54,5.56259,18.2891,747.139,2.04858,1.6572,0.229181,3.19E-05,8,4727.73,17.7999
Na2O6Ta2,9,187.882,6.73116,24.1456,669.096,2.06688,2.5252,0.18157,2.91E-05,10,4406.53,17.8237
O2Pa1,3,197.993,10.749,8.32765,421.933,2.05892,0,0.286166,2.92E-05,3,3370.52,18.0073
O8Pa4,2,197.987,10.7456,8.32703,422.059,2.05793,0,0.286045,2.92E-05,12,3371.11,18.0263
O1Sc1,3,145.014,4.28234,5.08991,612.049,2.32961,0,0.27327,4.69E-05,2,4798.6,18.4002
Na2Nb2O6,9,177.94,4.42281,22.1297,786.834,2.08414,1.8633,0.190913,2.86E-05,10,5314.11,18.5039
Cr1O2,3,205.253,5.16477,6.90551,753.31,2.49082,0,0.257841,4.18E-05,3,5489.95,19.0136
O4W2,9,276.801,10.426,15.4858,557.047,2.11099,0,0.269699,2.35E-05,6,4211.59,19.1694
O3Sr1Tc1,2,155.055,5.88337,13.0536,540.984,1.80235,0.1122,0.263449,3.14E-05,5,4374.6,19.1747
Na1Nb1O3,2,174.188,4.29332,11.9962,678.807,2.0755,1.8358,0.259389,3.07E-05,5,5395.58,19.219
K1O3Ta1,2,178.57,6.73174,12.7992,579.873,2.10432,2.3227,0.230611,3.12E-05,5,4650.23,19.2577
O6Re2,4,249.637,8.21381,19.5407,647.878,2.1704,0,0.227756,2.45E-05,8,3969.38,19.32
B2Nb2O8,1,273.253,5.0852,24.6585,874.141,1.98096,2.8001,0.257305,2.22E-05,12,5890.17,19.3308
Li2O1,3,69.5865,1.97273,6.41937,862.689,1.84982,4.9039,0.160425,8.82E-05,3,6502.41,19.3402
O4V2,9,228.429,4.46159,13.2674,788.761,2.15625,0.7285,0.279105,2.75E-05,6,5664.84,19.367
O3Sr1Ti1,2,159.385,4.86033,12.079,670.946,2.04082,2.29,0.217688,3.35E-05,5,5164.65,21.4744
Ni1O1,3,174.022,6.56005,5.18907,572.08,2.09675,1.7949,0.28359,4.46E-05,2,4171.43,21.5038
Ca1O3Ti1,2,164.107,3.74852,11.5432,733.176,1.99003,2.3664,0.249325,3.16E-05,5,5741.31,21.6331
O3Re1,2,225.006,7.08131,10.2703,567.933,2.16789,0,0.273905,2.47E-05,4,4564.98,21.7342
Hf1O2,3,244.634,10.6975,8.07004,483.947,1.98761,3.8049,0.301848,2.75E-05,3,3593.82,21.8378
Al1La1O3,2,184.401,6.31276,12.2563,647.861,2.01793,3.1268,0.224046,3.25E-05,5,4973.68,22.272
O2Zr1,3,226.946,5.98871,7.561,599.013,2.01372,3.1237,0.30933,2.68E-05,3,4522.44,23.9236
O3W1,2,220.607,6.7605,10.2118,576.075,2.11115,0.7294,0.269017,2.35E-05,4,4696.55,24.0636
Ca1O1,3,99.5719,3.28516,5.05334,619.873,2.06248,3.6357,0.216153,5.00E-05,2,5188.79,24.3778
Nb3O3,2,232.592,7.05532,14.7294,637.128,2.02955,0,0.24206,2.28E-05,6,5046.31,24.5568
O1V1,3,152.36,5.01979,5.06669,607.913,2.06649,0.5352,0.270069,4.25E-05,2,4497.18,25.0924
Be4O4,9,187.041,2.8565,13.206,1114.27,1.75149,7.0887,0.22037,2.84E-05,8,7532.2,28.662
Ca1O3Si1,2,203.749,4.11037,10.0434,905.683,2.07613,3.4645,0.21637,2.94E-05,5,6628.32,29.3617
O10Ta4,6,440.158,7.73171,16.0222,727.941,2.02405,0.4338,0.292384,1.07E-05,14,3935.31,39.2307
Mg1O1,3,142.026,3.48027,4.23772,849.11,1.95457,4.4692,0.193802,4.07E-05,2,6360.02,44.6395
Be2O2,4,195.211,2.96457,6.1664,1181.19,1.75834,7.4494,0.198299,2.65E-05,4,7937.86,53.2285
Be1O1,3,226.133,3.42128,3.25467,1128.26,1.78588,8.183,0.244642,2.83E-05,2,7217.39,68.0806
